Media L,Media Theta,MediaSaturación,Std L,Std Theta,Std Saturación,Media u,Media v,Std u,Std v,Skew L,Kurt L,Skew u,Kurt u,Skew v,Kurt v
90.93815796101458,0.28221785976899083,0.34872121837899783,2.539760377719217,0.09059665459484548,0.053919091091701496,30.263640266015372,8.625980555933948,4.119592579271478,2.549029273697332,-1.120254916160563,4.055574067844007,3.909825479768107,23.587983075340023,-0.12888074661087973,0.1548425480810658
